{
  "mean": 1118.3864491470754,
  "std": 311.0568808541272
}