{
  "config": {
    "model_config": {
      "input_length": 432,
      "output_length": 144,
      "d_model": 512,
      "nhead": 16,
      "num_encoder_layers": 8,
      "dim_feedforward": 2048,
      "dropout": 0.1
    },
    "batch_size": 32,
    "epochs": 50,
    "learning_rate": 0.0001,
    "weight_decay": 1e-05,
    "log_interval": 50,
    "experiment_name": "transformer_v2_20250912_171845",
    "description": "Transformer v2 baseline training with H100 GPU"
  },
  "training_history": {
    "train_losses": [
      1.0028281288914442,
      0.5417507979281659,
      0.19753858962128218,
      0.18521185581004715,
      0.13355297569706445,
      0.11100005557008658,
      0.10357058810999022,
      0.08629194204756956,
      0.0676603614006162,
      0.05398918918302002,
      0.040020136747479756,
      0.03445497144377326,
      0.031565461696019904,
      0.02904662433864259,
      0.02742685816474357,
      0.023722760367027845,
      0.022378319586899946,
      0.02118252524688329,
      0.01965887000720388,
      0.019788832747743595,
      0.018635813154201552,
      0.015576983374447653,
      0.015140193954385366,
      0.013516396967237103,
      0.012137450587427082,
      0.011297480045943116,
      0.010140853571535966,
      0.009525074509259972,
      0.009640998522797723,
      0.008606899630445447,
      0.008121072582527013,
      0.00800859920759157,
      0.007562191568383834,
      0.006987608147239544,
      0.0067918119819387595,
      0.006695392529300776,
      0.006167588647366514,
      0.006073750818448048,
      0.0059462987060970715,
      0.005696782611290824,
      0.005583874452465993,
      0.005436817263953368,
      0.005268868749425562,
      0.005246940369921734,
      0.0050942382534430175,
      0.005041271189502919,
      0.004942306966734632,
      0.004914015782800427,
      0.0048958150348024036,
      0.004883546749557465
    ],
    "val_losses": [
      1.2768229774890407,
      0.1819560651577288,
      0.16553559977441065,
      0.14546920208921355,
      0.11516677492087887,
      0.1270796059660854,
      0.15385301891834505,
      0.16751604019514016,
      0.15474644663833803,
      0.10694431408398575,
      0.07380726975539038,
      0.08638690802599153,
      0.07612844723306837,
      0.09406747566836496,
      0.07282607434617897,
      0.0684349104882248,
      0.07643806303460751,
      0.08527501516284482,
      0.08368499803116485,
      0.09372442867606878,
      0.08370989920090764,
      0.08356758336266203,
      0.09399212654229373,
      0.07462923473588401,
      0.07814945927971313,
      0.07820327377187149,
      0.08046454566741182,
      0.08236631833677811,
      0.0779451004589998,
      0.07970788185634921,
      0.08018785515319436,
      0.0766885329278246,
      0.08430883614346385,
      0.08080683692148136,
      0.07908719563255867,
      0.08173536441679444,
      0.08124494086951017,
      0.07802215018760293,
      0.0772930645504065,
      0.07480819410674515,
      0.07779133315348337,
      0.07943462191389934,
      0.07655361377363724,
      0.07835356553175277,
      0.0804471867159009,
      0.08128893814019618,
      0.07903034487859376,
      0.07938129286612233,
      0.07836228400288571,
      0.07842510029853832
    ],
    "learning_rates": [
      0.0001,
      9.990232305719945e-05,
      9.960967771506666e-05,
      9.912321891107009e-05,
      9.844486647586723e-05,
      9.757729755661011e-05,
      9.652393605146844e-05,
      9.528893909706797e-05,
      9.387718066217124e-05,
      9.229423231234974e-05,
      9.054634122155989e-05,
      8.864040551740155e-05,
      8.658394705735986e-05,
      8.438508174347008e-05,
      8.205248749256013e-05,
      7.959536998847742e-05,
      7.702342635146032e-05,
      7.434680686803489e-05,
      7.157607493247108e-05,
      6.872216535789155e-05,
      6.579634122155988e-05,
      6.28101494146603e-05,
      5.9775375071993364e-05,
      5.670399506143306e-05,
      5.3608130716701005e-05,
      5.049999999999999e-05,
      4.7391869283298976e-05,
      4.429600493856693e-05,
      4.122462492800662e-05,
      3.8189850585339674e-05,
      3.5203658778440106e-05,
      3.227783464210844e-05,
      2.942392506752889e-05,
      2.6653193131965075e-05,
      2.3976573648539646e-05,
      2.1404630011522576e-05,
      1.8947512507439848e-05,
      1.66149182565299e-05,
      1.4416052942640132e-05,
      1.235959448259843e-05,
      1.04536587784401e-05,
      8.70576768765026e-06,
      7.122819337828748e-06,
      5.711060902932039e-06,
      4.476063948531555e-06,
      3.4227024433898977e-06,
      2.5551335241327656e-06,
      1.8767810889299075e-06,
      1.3903222849333503e-06,
      1.0976769428005578e-06
    ]
  },
  "final_metrics": {
    "best_val_loss": 0.0684349104882248,
    "best_rmse": 0.26160066989253833,
    "final_train_loss": 0.004883546749557465,
    "final_val_loss": 0.07842510029853832,
    "total_training_time": 1787.108473777771
  },
  "model_info": {
    "total_parameters": 26586656,
    "input_length": 432,
    "output_length": 144
  },
  "training_completed": "2025-09-12T21:48:51.010147"
}